kanji,level
一,0.0
右,0.0
雨,0.0
円,0.0
王,0.0
音,0.0
下,0.0
火,0.0
花,0.0
貝,0.0
学,0.0
気,0.0
九,0.0
休,0.0
玉,0.0
金,0.0
空,0.0
月,0.0
犬,0.0
見,0.0
五,0.0
口,0.0
校,0.0
左,0.0
三,0.0
山,0.0
子,0.0
四,0.0
糸,0.0
字,0.0
耳,0.0
七,0.0
車,0.0
手,0.0
十,0.0
出,0.0
女,0.0
小,0.0
上,0.0
森,0.0
人,0.0
水,0.0
正,0.0
生,0.0
青,0.0
夕,0.0
石,0.0
赤,0.0
千,0.0
川,0.0
先,0.0
早,0.0
草,0.0
足,0.0
村,0.0
大,0.0
男,0.0
竹,0.0
中,0.0
虫,0.0
町,0.0
天,0.0
田,0.0
土,0.0
二,0.0
日,0.0
入,0.0
年,0.0
白,0.0
八,0.0
百,0.0
文,0.0
木,0.0
本,0.0
名,0.0
目,0.0
立,0.0
力,0.0
林,0.0
六,0.0
引,0.1111111111111111
羽,0.1111111111111111
雲,0.1111111111111111
園,0.1111111111111111
遠,0.1111111111111111
何,0.1111111111111111
科,0.1111111111111111
夏,0.1111111111111111
家,0.1111111111111111
歌,0.1111111111111111
画,0.1111111111111111
回,0.1111111111111111
会,0.1111111111111111
海,0.1111111111111111
絵,0.1111111111111111
外,0.1111111111111111
角,0.1111111111111111
楽,0.1111111111111111
活,0.1111111111111111
間,0.1111111111111111
丸,0.1111111111111111
岩,0.1111111111111111
顔,0.1111111111111111
汽,0.1111111111111111
記,0.1111111111111111
帰,0.1111111111111111
弓,0.1111111111111111
牛,0.1111111111111111
魚,0.1111111111111111
京,0.1111111111111111
強,0.1111111111111111
教,0.1111111111111111
近,0.1111111111111111
兄,0.1111111111111111
形,0.1111111111111111
計,0.1111111111111111
元,0.1111111111111111
言,0.1111111111111111
原,0.1111111111111111
戸,0.1111111111111111
古,0.1111111111111111
午,0.1111111111111111
後,0.1111111111111111
語,0.1111111111111111
工,0.1111111111111111
公,0.1111111111111111
広,0.1111111111111111
交,0.1111111111111111
光,0.1111111111111111
考,0.1111111111111111
行,0.1111111111111111
高,0.1111111111111111
黄,0.1111111111111111
合,0.1111111111111111
谷,0.1111111111111111
国,0.1111111111111111
黒,0.1111111111111111
今,0.1111111111111111
才,0.1111111111111111
細,0.1111111111111111
作,0.1111111111111111
算,0.1111111111111111
止,0.1111111111111111
市,0.1111111111111111
矢,0.1111111111111111
姉,0.1111111111111111
思,0.1111111111111111
紙,0.1111111111111111
寺,0.1111111111111111
自,0.1111111111111111
時,0.1111111111111111
室,0.1111111111111111
社,0.1111111111111111
弱,0.1111111111111111
首,0.1111111111111111
秋,0.1111111111111111
週,0.1111111111111111
春,0.1111111111111111
書,0.1111111111111111
少,0.1111111111111111
場,0.1111111111111111
色,0.1111111111111111
食,0.1111111111111111
心,0.1111111111111111
新,0.1111111111111111
親,0.1111111111111111
図,0.1111111111111111
数,0.1111111111111111
西,0.1111111111111111
声,0.1111111111111111
星,0.1111111111111111
晴,0.1111111111111111
切,0.1111111111111111
雪,0.1111111111111111
船,0.1111111111111111
線,0.1111111111111111
前,0.1111111111111111
組,0.1111111111111111
走,0.1111111111111111
多,0.1111111111111111
太,0.1111111111111111
体,0.1111111111111111
台,0.1111111111111111
地,0.1111111111111111
池,0.1111111111111111
知,0.1111111111111111
茶,0.1111111111111111
昼,0.1111111111111111
長,0.1111111111111111
鳥,0.1111111111111111
朝,0.1111111111111111
直,0.1111111111111111
通,0.1111111111111111
弟,0.1111111111111111
店,0.1111111111111111
点,0.1111111111111111
電,0.1111111111111111
刀,0.1111111111111111
冬,0.1111111111111111
当,0.1111111111111111
東,0.1111111111111111
答,0.1111111111111111
頭,0.1111111111111111
同,0.1111111111111111
道,0.1111111111111111
読,0.1111111111111111
内,0.1111111111111111
南,0.1111111111111111
肉,0.1111111111111111
馬,0.1111111111111111
売,0.1111111111111111
買,0.1111111111111111
麦,0.1111111111111111
半,0.1111111111111111
番,0.1111111111111111
父,0.1111111111111111
風,0.1111111111111111
分,0.1111111111111111
聞,0.1111111111111111
米,0.1111111111111111
歩,0.1111111111111111
母,0.1111111111111111
方,0.1111111111111111
北,0.1111111111111111
毎,0.1111111111111111
妹,0.1111111111111111
万,0.1111111111111111
明,0.1111111111111111
鳴,0.1111111111111111
毛,0.1111111111111111
門,0.1111111111111111
夜,0.1111111111111111
野,0.1111111111111111
友,0.1111111111111111
用,0.1111111111111111
曜,0.1111111111111111
来,0.1111111111111111
里,0.1111111111111111
理,0.1111111111111111
話,0.1111111111111111
悪,0.2222222222222222
安,0.2222222222222222
暗,0.2222222222222222
医,0.2222222222222222
委,0.2222222222222222
意,0.2222222222222222
育,0.2222222222222222
員,0.2222222222222222
院,0.2222222222222222
飲,0.2222222222222222
運,0.2222222222222222
泳,0.2222222222222222
駅,0.2222222222222222
央,0.2222222222222222
横,0.2222222222222222
屋,0.2222222222222222
温,0.2222222222222222
化,0.2222222222222222
荷,0.2222222222222222
界,0.2222222222222222
開,0.2222222222222222
階,0.2222222222222222
寒,0.2222222222222222
感,0.2222222222222222
漢,0.2222222222222222
館,0.2222222222222222
岸,0.2222222222222222
起,0.2222222222222222
期,0.2222222222222222
客,0.2222222222222222
究,0.2222222222222222
急,0.2222222222222222
級,0.2222222222222222
宮,0.2222222222222222
球,0.2222222222222222
去,0.2222222222222222
橋,0.2222222222222222
業,0.2222222222222222
曲,0.2222222222222222
局,0.2222222222222222
銀,0.2222222222222222
区,0.2222222222222222
苦,0.2222222222222222
具,0.2222222222222222
君,0.2222222222222222
係,0.2222222222222222
軽,0.2222222222222222
血,0.2222222222222222
決,0.2222222222222222
研,0.2222222222222222
県,0.2222222222222222
庫,0.2222222222222222
湖,0.2222222222222222
向,0.2222222222222222
幸,0.2222222222222222
港,0.2222222222222222
号,0.2222222222222222
根,0.2222222222222222
祭,0.2222222222222222
皿,0.2222222222222222
仕,0.2222222222222222
死,0.2222222222222222
使,0.2222222222222222
始,0.2222222222222222
指,0.2222222222222222
歯,0.2222222222222222
詩,0.2222222222222222
次,0.2222222222222222
事,0.2222222222222222
持,0.2222222222222222
式,0.2222222222222222
実,0.2222222222222222
写,0.2222222222222222
者,0.2222222222222222
主,0.2222222222222222
守,0.2222222222222222
取,0.2222222222222222
酒,0.2222222222222222
受,0.2222222222222222
州,0.2222222222222222
拾,0.2222222222222222
終,0.2222222222222222
習,0.2222222222222222
集,0.2222222222222222
住,0.2222222222222222
重,0.2222222222222222
宿,0.2222222222222222
所,0.2222222222222222
暑,0.2222222222222222
助,0.2222222222222222
昭,0.2222222222222222
消,0.2222222222222222
商,0.2222222222222222
章,0.2222222222222222
勝,0.2222222222222222
乗,0.2222222222222222
植,0.2222222222222222
申,0.2222222222222222
身,0.2222222222222222
神,0.2222222222222222
真,0.2222222222222222
深,0.2222222222222222
進,0.2222222222222222
世,0.2222222222222222
整,0.2222222222222222
昔,0.2222222222222222
全,0.2222222222222222
相,0.2222222222222222
送,0.2222222222222222
想,0.2222222222222222
息,0.2222222222222222
速,0.2222222222222222
族,0.2222222222222222
他,0.2222222222222222
打,0.2222222222222222
対,0.2222222222222222
待,0.2222222222222222
代,0.2222222222222222
第,0.2222222222222222
題,0.2222222222222222
炭,0.2222222222222222
短,0.2222222222222222
談,0.2222222222222222
着,0.2222222222222222
注,0.2222222222222222
柱,0.2222222222222222
丁,0.2222222222222222
帳,0.2222222222222222
調,0.2222222222222222
追,0.2222222222222222
定,0.2222222222222222
庭,0.2222222222222222
笛,0.2222222222222222
鉄,0.2222222222222222
転,0.2222222222222222
都,0.2222222222222222
度,0.2222222222222222
投,0.2222222222222222
豆,0.2222222222222222
島,0.2222222222222222
湯,0.2222222222222222
登,0.2222222222222222
等,0.2222222222222222
動,0.2222222222222222
童,0.2222222222222222
農,0.2222222222222222
波,0.2222222222222222
配,0.2222222222222222
倍,0.2222222222222222
箱,0.2222222222222222
畑,0.2222222222222222
発,0.2222222222222222
反,0.2222222222222222
坂,0.2222222222222222
板,0.2222222222222222
皮,0.2222222222222222
悲,0.2222222222222222
美,0.2222222222222222
鼻,0.2222222222222222
筆,0.2222222222222222
氷,0.2222222222222222
表,0.2222222222222222
秒,0.2222222222222222
病,0.2222222222222222
品,0.2222222222222222
負,0.2222222222222222
部,0.2222222222222222
服,0.2222222222222222
福,0.2222222222222222
物,0.2222222222222222
平,0.2222222222222222
返,0.2222222222222222
勉,0.2222222222222222
放,0.2222222222222222
味,0.2222222222222222
命,0.2222222222222222
面,0.2222222222222222
問,0.2222222222222222
役,0.2222222222222222
薬,0.2222222222222222
由,0.2222222222222222
油,0.2222222222222222
有,0.2222222222222222
遊,0.2222222222222222
予,0.2222222222222222
羊,0.2222222222222222
洋,0.2222222222222222
葉,0.2222222222222222
陽,0.2222222222222222
様,0.2222222222222222
落,0.2222222222222222
流,0.2222222222222222
旅,0.2222222222222222
両,0.2222222222222222
緑,0.2222222222222222
礼,0.2222222222222222
列,0.2222222222222222
練,0.2222222222222222
路,0.2222222222222222
和,0.2222222222222222
愛,0.3333333333333333
案,0.3333333333333333
以,0.3333333333333333
衣,0.3333333333333333
位,0.3333333333333333
囲,0.3333333333333333
胃,0.3333333333333333
印,0.3333333333333333
英,0.3333333333333333
栄,0.3333333333333333
塩,0.3333333333333333
億,0.3333333333333333
加,0.3333333333333333
果,0.3333333333333333
貨,0.3333333333333333
課,0.3333333333333333
芽,0.3333333333333333
改,0.3333333333333333
械,0.3333333333333333
害,0.3333333333333333
街,0.3333333333333333
各,0.3333333333333333
覚,0.3333333333333333
完,0.3333333333333333
官,0.3333333333333333
管,0.3333333333333333
関,0.3333333333333333
観,0.3333333333333333
願,0.3333333333333333
希,0.3333333333333333
季,0.3333333333333333
紀,0.3333333333333333
喜,0.3333333333333333
旗,0.3333333333333333
器,0.3333333333333333
機,0.3333333333333333
議,0.3333333333333333
求,0.3333333333333333
泣,0.3333333333333333
救,0.3333333333333333
給,0.3333333333333333
挙,0.3333333333333333
漁,0.3333333333333333
共,0.3333333333333333
協,0.3333333333333333
鏡,0.3333333333333333
競,0.3333333333333333
極,0.3333333333333333
訓,0.3333333333333333
軍,0.3333333333333333
郡,0.3333333333333333
径,0.3333333333333333
型,0.3333333333333333
景,0.3333333333333333
芸,0.3333333333333333
欠,0.3333333333333333
結,0.3333333333333333
建,0.3333333333333333
健,0.3333333333333333
験,0.3333333333333333
固,0.3333333333333333
功,0.3333333333333333
好,0.3333333333333333
候,0.3333333333333333
航,0.3333333333333333
康,0.3333333333333333
告,0.3333333333333333
差,0.3333333333333333
菜,0.3333333333333333
最,0.3333333333333333
材,0.3333333333333333
昨,0.3333333333333333
札,0.3333333333333333
刷,0.3333333333333333
殺,0.3333333333333333
察,0.3333333333333333
参,0.3333333333333333
産,0.3333333333333333
散,0.3333333333333333
残,0.3333333333333333
士,0.3333333333333333
氏,0.3333333333333333
史,0.3333333333333333
司,0.3333333333333333
試,0.3333333333333333
児,0.3333333333333333
治,0.3333333333333333
辞,0.3333333333333333
失,0.3333333333333333
借,0.3333333333333333
種,0.3333333333333333
周,0.3333333333333333
祝,0.3333333333333333
順,0.3333333333333333
初,0.3333333333333333
松,0.3333333333333333
笑,0.3333333333333333
唱,0.3333333333333333
焼,0.3333333333333333
象,0.3333333333333333
照,0.3333333333333333
賞,0.3333333333333333
臣,0.3333333333333333
信,0.3333333333333333
成,0.3333333333333333
省,0.3333333333333333
清,0.3333333333333333
静,0.3333333333333333
席,0.3333333333333333
積,0.3333333333333333
折,0.3333333333333333
節,0.3333333333333333
説,0.3333333333333333
浅,0.3333333333333333
戦,0.3333333333333333
選,0.3333333333333333
然,0.3333333333333333
争,0.3333333333333333
倉,0.3333333333333333
巣,0.3333333333333333
束,0.3333333333333333
側,0.3333333333333333
続,0.3333333333333333
卒,0.3333333333333333
孫,0.3333333333333333
帯,0.3333333333333333
隊,0.3333333333333333
達,0.3333333333333333
単,0.3333333333333333
置,0.3333333333333333
仲,0.3333333333333333
貯,0.3333333333333333
兆,0.3333333333333333
腸,0.3333333333333333
低,0.3333333333333333
底,0.3333333333333333
停,0.3333333333333333
的,0.3333333333333333
典,0.3333333333333333
伝,0.3333333333333333
徒,0.3333333333333333
努,0.3333333333333333
灯,0.3333333333333333
堂,0.3333333333333333
働,0.3333333333333333
特,0.3333333333333333
得,0.3333333333333333
毒,0.3333333333333333
熱,0.3333333333333333
念,0.3333333333333333
敗,0.3333333333333333
梅,0.3333333333333333
博,0.3333333333333333
飯,0.3333333333333333
飛,0.3333333333333333
費,0.3333333333333333
必,0.3333333333333333
票,0.3333333333333333
標,0.3333333333333333
不,0.3333333333333333
夫,0.3333333333333333
付,0.3333333333333333
府,0.3333333333333333
副,0.3333333333333333
粉,0.3333333333333333
兵,0.3333333333333333
別,0.3333333333333333
辺,0.3333333333333333
変,0.3333333333333333
便,0.3333333333333333
包,0.3333333333333333
法,0.3333333333333333
望,0.3333333333333333
牧,0.3333333333333333
末,0.3333333333333333
満,0.3333333333333333
未,0.3333333333333333
脈,0.3333333333333333
民,0.3333333333333333
無,0.3333333333333333
約,0.3333333333333333
勇,0.3333333333333333
要,0.3333333333333333
養,0.3333333333333333
浴,0.3333333333333333
利,0.3333333333333333
陸,0.3333333333333333
良,0.3333333333333333
料,0.3333333333333333
量,0.3333333333333333
輪,0.3333333333333333
類,0.3333333333333333
令,0.3333333333333333
冷,0.3333333333333333
例,0.3333333333333333
歴,0.3333333333333333
連,0.3333333333333333
老,0.3333333333333333
労,0.3333333333333333
録,0.3333333333333333
圧,0.4444444444444444
移,0.4444444444444444
因,0.4444444444444444
永,0.4444444444444444
営,0.4444444444444444
衛,0.4444444444444444
易,0.4444444444444444
益,0.4444444444444444
液,0.4444444444444444
演,0.4444444444444444
応,0.4444444444444444
往,0.4444444444444444
桜,0.4444444444444444
恩,0.4444444444444444
可,0.4444444444444444
仮,0.4444444444444444
価,0.4444444444444444
河,0.4444444444444444
過,0.4444444444444444
賀,0.4444444444444444
快,0.4444444444444444
解,0.4444444444444444
格,0.4444444444444444
確,0.4444444444444444
額,0.4444444444444444
刊,0.4444444444444444
幹,0.4444444444444444
慣,0.4444444444444444
眼,0.4444444444444444
基,0.4444444444444444
寄,0.4444444444444444
規,0.4444444444444444
技,0.4444444444444444
義,0.4444444444444444
逆,0.4444444444444444
久,0.4444444444444444
旧,0.4444444444444444
居,0.4444444444444444
許,0.4444444444444444
境,0.4444444444444444
均,0.4444444444444444
禁,0.4444444444444444
句,0.4444444444444444
群,0.4444444444444444
経,0.4444444444444444
潔,0.4444444444444444
件,0.4444444444444444
券,0.4444444444444444
険,0.4444444444444444
検,0.4444444444444444
限,0.4444444444444444
現,0.4444444444444444
減,0.4444444444444444
故,0.4444444444444444
個,0.4444444444444444
護,0.4444444444444444
効,0.4444444444444444
厚,0.4444444444444444
耕,0.4444444444444444
鉱,0.4444444444444444
構,0.4444444444444444
興,0.4444444444444444
講,0.4444444444444444
混,0.4444444444444444
査,0.4444444444444444
再,0.4444444444444444
災,0.4444444444444444
妻,0.4444444444444444
採,0.4444444444444444
際,0.4444444444444444
在,0.4444444444444444
財,0.4444444444444444
罪,0.4444444444444444
雑,0.4444444444444444
酸,0.4444444444444444
賛,0.4444444444444444
支,0.4444444444444444
志,0.4444444444444444
枝,0.4444444444444444
師,0.4444444444444444
資,0.4444444444444444
飼,0.4444444444444444
示,0.4444444444444444
似,0.4444444444444444
識,0.4444444444444444
質,0.4444444444444444
舎,0.4444444444444444
謝,0.4444444444444444
授,0.4444444444444444
修,0.4444444444444444
述,0.4444444444444444
術,0.4444444444444444
準,0.4444444444444444
序,0.4444444444444444
招,0.4444444444444444
承,0.4444444444444444
証,0.4444444444444444
条,0.4444444444444444
状,0.4444444444444444
常,0.4444444444444444
情,0.4444444444444444
織,0.4444444444444444
職,0.4444444444444444
制,0.4444444444444444
性,0.4444444444444444
政,0.4444444444444444
勢,0.4444444444444444
精,0.4444444444444444
製,0.4444444444444444
税,0.4444444444444444
責,0.4444444444444444
績,0.4444444444444444
接,0.4444444444444444
設,0.4444444444444444
舌,0.4444444444444444
絶,0.4444444444444444
銭,0.4444444444444444
祖,0.4444444444444444
素,0.4444444444444444
総,0.4444444444444444
造,0.4444444444444444
像,0.4444444444444444
増,0.4444444444444444
則,0.4444444444444444
測,0.4444444444444444
属,0.4444444444444444
率,0.4444444444444444
損,0.4444444444444444
退,0.4444444444444444
貸,0.4444444444444444
態,0.4444444444444444
団,0.4444444444444444
断,0.4444444444444444
築,0.4444444444444444
張,0.4444444444444444
提,0.4444444444444444
程,0.4444444444444444
適,0.4444444444444444
敵,0.4444444444444444
統,0.4444444444444444
銅,0.4444444444444444
導,0.4444444444444444
徳,0.4444444444444444
独,0.4444444444444444
任,0.4444444444444444
燃,0.4444444444444444
能,0.4444444444444444
破,0.4444444444444444
犯,0.4444444444444444
判,0.4444444444444444
版,0.4444444444444444
比,0.4444444444444444
肥,0.4444444444444444
非,0.4444444444444444
備,0.4444444444444444
俵,0.4444444444444444
評,0.4444444444444444
貧,0.4444444444444444
布,0.4444444444444444
婦,0.4444444444444444
富,0.4444444444444444
武,0.4444444444444444
復,0.4444444444444444
複,0.4444444444444444
仏,0.4444444444444444
編,0.4444444444444444
弁,0.4444444444444444
保,0.4444444444444444
墓,0.4444444444444444
報,0.4444444444444444
豊,0.4444444444444444
防,0.4444444444444444
貿,0.4444444444444444
暴,0.4444444444444444
務,0.4444444444444444
夢,0.4444444444444444
迷,0.4444444444444444
綿,0.4444444444444444
輸,0.4444444444444444
余,0.4444444444444444
預,0.4444444444444444
容,0.4444444444444444
略,0.4444444444444444
留,0.4444444444444444
領,0.4444444444444444
異,0.5555555555555556
遺,0.5555555555555556
域,0.5555555555555556
宇,0.5555555555555556
映,0.5555555555555556
延,0.5555555555555556
沿,0.5555555555555556
我,0.5555555555555556
灰,0.5555555555555556
拡,0.5555555555555556
革,0.5555555555555556
閣,0.5555555555555556
割,0.5555555555555556
株,0.5555555555555556
干,0.5555555555555556
巻,0.5555555555555556
看,0.5555555555555556
簡,0.5555555555555556
危,0.5555555555555556
机,0.5555555555555556
揮,0.5555555555555556
貴,0.5555555555555556
疑,0.5555555555555556
吸,0.5555555555555556
供,0.5555555555555556
胸,0.5555555555555556
郷,0.5555555555555556
勤,0.5555555555555556
筋,0.5555555555555556
系,0.5555555555555556
敬,0.5555555555555556
警,0.5555555555555556
劇,0.5555555555555556
激,0.5555555555555556
穴,0.5555555555555556
絹,0.5555555555555556
権,0.5555555555555556
憲,0.5555555555555556
源,0.5555555555555556
厳,0.5555555555555556
己,0.5555555555555556
呼,0.5555555555555556
誤,0.5555555555555556
后,0.5555555555555556
孝,0.5555555555555556
皇,0.5555555555555556
紅,0.5555555555555556
降,0.5555555555555556
鋼,0.5555555555555556
刻,0.5555555555555556
穀,0.5555555555555556
骨,0.5555555555555556
困,0.5555555555555556
砂,0.5555555555555556
座,0.5555555555555556
済,0.5555555555555556
裁,0.5555555555555556
策,0.5555555555555556
冊,0.5555555555555556
蚕,0.5555555555555556
至,0.5555555555555556
私,0.5555555555555556
姿,0.5555555555555556
視,0.5555555555555556
詞,0.5555555555555556
誌,0.5555555555555556
磁,0.5555555555555556
射,0.5555555555555556
捨,0.5555555555555556
尺,0.5555555555555556
若,0.5555555555555556
樹,0.5555555555555556
収,0.5555555555555556
宗,0.5555555555555556
就,0.5555555555555556
衆,0.5555555555555556
従,0.5555555555555556
縦,0.5555555555555556
縮,0.5555555555555556
熟,0.5555555555555556
純,0.5555555555555556
処,0.5555555555555556
署,0.5555555555555556
諸,0.5555555555555556
除,0.5555555555555556
将,0.5555555555555556
傷,0.5555555555555556
障,0.5555555555555556
城,0.5555555555555556
蒸,0.5555555555555556
針,0.5555555555555556
仁,0.5555555555555556
垂,0.5555555555555556
推,0.5555555555555556
寸,0.5555555555555556
盛,0.5555555555555556
聖,0.5555555555555556
誠,0.5555555555555556
宣,0.5555555555555556
専,0.5555555555555556
泉,0.5555555555555556
洗,0.5555555555555556
染,0.5555555555555556
善,0.5555555555555556
奏,0.5555555555555556
窓,0.5555555555555556
創,0.5555555555555556
装,0.5555555555555556
層,0.5555555555555556
操,0.5555555555555556
蔵,0.5555555555555556
臓,0.5555555555555556
存,0.5555555555555556
尊,0.5555555555555556
宅,0.5555555555555556
担,0.5555555555555556
探,0.5555555555555556
誕,0.5555555555555556
段,0.5555555555555556
暖,0.5555555555555556
値,0.5555555555555556
宙,0.5555555555555556
忠,0.5555555555555556
著,0.5555555555555556
庁,0.5555555555555556
頂,0.5555555555555556
潮,0.5555555555555556
賃,0.5555555555555556
痛,0.5555555555555556
展,0.5555555555555556
討,0.5555555555555556
党,0.5555555555555556
糖,0.5555555555555556
届,0.5555555555555556
難,0.5555555555555556
乳,0.5555555555555556
認,0.5555555555555556
納,0.5555555555555556
脳,0.5555555555555556
派,0.5555555555555556
拝,0.5555555555555556
背,0.5555555555555556
肺,0.5555555555555556
俳,0.5555555555555556
班,0.5555555555555556
晩,0.5555555555555556
否,0.5555555555555556
批,0.5555555555555556
秘,0.5555555555555556
腹,0.5555555555555556
奮,0.5555555555555556
並,0.5555555555555556
陛,0.5555555555555556
閉,0.5555555555555556
片,0.5555555555555556
補,0.5555555555555556
暮,0.5555555555555556
宝,0.5555555555555556
訪,0.5555555555555556
亡,0.5555555555555556
忘,0.5555555555555556
棒,0.5555555555555556
枚,0.5555555555555556
幕,0.5555555555555556
密,0.5555555555555556
盟,0.5555555555555556
模,0.5555555555555556
訳,0.5555555555555556
郵,0.5555555555555556
優,0.5555555555555556
幼,0.5555555555555556
欲,0.5555555555555556
翌,0.5555555555555556
乱,0.5555555555555556
卵,0.5555555555555556
覧,0.5555555555555556
裏,0.5555555555555556
律,0.5555555555555556
臨,0.5555555555555556
朗,0.5555555555555556
論,0.5555555555555556
握,0.6666666666666666
扱,0.6666666666666666
依,0.6666666666666666
威,0.6666666666666666
為,0.6666666666666666
偉,0.6666666666666666
違,0.6666666666666666
維,0.6666666666666666
緯,0.6666666666666666
壱,0.6666666666666666
芋,0.6666666666666666
陰,0.6666666666666666
隠,0.6666666666666666
影,0.6666666666666666
鋭,0.6666666666666666
越,0.6666666666666666
援,0.6666666666666666
煙,0.6666666666666666
鉛,0.6666666666666666
縁,0.6666666666666666
汚,0.6666666666666666
押,0.6666666666666666
奥,0.6666666666666666
憶,0.6666666666666666
菓,0.6666666666666666
暇,0.6666666666666666
箇,0.6666666666666666
雅,0.6666666666666666
介,0.6666666666666666
戒,0.6666666666666666
皆,0.6666666666666666
壊,0.6666666666666666
較,0.6666666666666666
獲,0.6666666666666666
刈,0.6666666666666666
甘,0.6666666666666666
汗,0.6666666666666666
乾,0.6666666666666666
勧,0.6666666666666666
歓,0.6666666666666666
監,0.6666666666666666
環,0.6666666666666666
鑑,0.6666666666666666
含,0.6666666666666666
奇,0.6666666666666666
祈,0.6666666666666666
鬼,0.6666666666666666
幾,0.6666666666666666
輝,0.6666666666666666
儀,0.6666666666666666
戯,0.6666666666666666
詰,0.6666666666666666
却,0.6666666666666666
脚,0.6666666666666666
及,0.6666666666666666
丘,0.6666666666666666
朽,0.6666666666666666
巨,0.6666666666666666
拠,0.6666666666666666
距,0.6666666666666666
御,0.6666666666666666
凶,0.6666666666666666
叫,0.6666666666666666
狂,0.6666666666666666
況,0.6666666666666666
狭,0.6666666666666666
恐,0.6666666666666666
響,0.6666666666666666
驚,0.6666666666666666
仰,0.6666666666666666
駆,0.6666666666666666
屈,0.6666666666666666
掘,0.6666666666666666
繰,0.6666666666666666
恵,0.6666666666666666
傾,0.6666666666666666
継,0.6666666666666666
迎,0.6666666666666666
撃,0.6666666666666666
肩,0.6666666666666666
兼,0.6666666666666666
剣,0.6666666666666666
軒,0.6666666666666666
圏,0.6666666666666666
堅,0.6666666666666666
遣,0.6666666666666666
玄,0.6666666666666666
枯,0.6666666666666666
誇,0.6666666666666666
鼓,0.6666666666666666
互,0.6666666666666666
抗,0.6666666666666666
攻,0.6666666666666666
更,0.6666666666666666
恒,0.6666666666666666
荒,0.6666666666666666
香,0.6666666666666666
項,0.6666666666666666
稿,0.6666666666666666
豪,0.6666666666666666
込,0.6666666666666666
婚,0.6666666666666666
鎖,0.6666666666666666
彩,0.6666666666666666
歳,0.6666666666666666
載,0.6666666666666666
剤,0.6666666666666666
咲,0.6666666666666666
惨,0.6666666666666666
旨,0.6666666666666666
伺,0.6666666666666666
刺,0.6666666666666666
脂,0.6666666666666666
紫,0.6666666666666666
雌,0.6666666666666666
執,0.6666666666666666
芝,0.6666666666666666
斜,0.6666666666666666
煮,0.6666666666666666
釈,0.6666666666666666
寂,0.6666666666666666
朱,0.6666666666666666
狩,0.6666666666666666
趣,0.6666666666666666
需,0.6666666666666666
舟,0.6666666666666666
秀,0.6666666666666666
襲,0.6666666666666666
柔,0.6666666666666666
獣,0.6666666666666666
瞬,0.6666666666666666
旬,0.6666666666666666
巡,0.6666666666666666
盾,0.6666666666666666
召,0.6666666666666666
床,0.6666666666666666
沼,0.6666666666666666
称,0.6666666666666666
紹,0.6666666666666666
詳,0.6666666666666666
丈,0.6666666666666666
畳,0.6666666666666666
殖,0.6666666666666666
飾,0.6666666666666666
触,0.6666666666666666
侵,0.6666666666666666
振,0.6666666666666666
浸,0.6666666666666666
寝,0.6666666666666666
慎,0.6666666666666666
震,0.6666666666666666
薪,0.6666666666666666
尽,0.6666666666666666
陣,0.6666666666666666
尋,0.6666666666666666
吹,0.6666666666666666
是,0.6666666666666666
井,0.6666666666666666
姓,0.6666666666666666
征,0.6666666666666666
跡,0.6666666666666666
占,0.6666666666666666
扇,0.6666666666666666
鮮,0.6666666666666666
訴,0.6666666666666666
僧,0.6666666666666666
燥,0.6666666666666666
騒,0.6666666666666666
贈,0.6666666666666666
即,0.6666666666666666
俗,0.6666666666666666
耐,0.6666666666666666
替,0.6666666666666666
沢,0.6666666666666666
拓,0.6666666666666666
濁,0.6666666666666666
脱,0.6666666666666666
丹,0.6666666666666666
淡,0.6666666666666666
嘆,0.6666666666666666
端,0.6666666666666666
弾,0.6666666666666666
恥,0.6666666666666666
致,0.6666666666666666
遅,0.6666666666666666
蓄,0.6666666666666666
沖,0.6666666666666666
跳,0.6666666666666666
徴,0.6666666666666666
澄,0.6666666666666666
沈,0.6666666666666666
珍,0.6666666666666666
抵,0.6666666666666666
堤,0.6666666666666666
摘,0.6666666666666666
滴,0.6666666666666666
添,0.6666666666666666
殿,0.6666666666666666
吐,0.6666666666666666
途,0.6666666666666666
渡,0.6666666666666666
奴,0.6666666666666666
怒,0.6666666666666666
到,0.6666666666666666
逃,0.6666666666666666
倒,0.6666666666666666
唐,0.6666666666666666
桃,0.6666666666666666
透,0.6666666666666666
盗,0.6666666666666666
塔,0.6666666666666666
稲,0.6666666666666666
踏,0.6666666666666666
闘,0.6666666666666666
胴,0.6666666666666666
峠,0.6666666666666666
突,0.6666666666666666
鈍,0.6666666666666666
曇,0.6666666666666666
弐,0.6666666666666666
悩,0.6666666666666666
濃,0.6666666666666666
杯,0.6666666666666666
輩,0.6666666666666666
拍,0.6666666666666666
泊,0.6666666666666666
迫,0.6666666666666666
薄,0.6666666666666666
爆,0.6666666666666666
髪,0.6666666666666666
抜,0.6666666666666666
罰,0.6666666666666666
般,0.6666666666666666
販,0.6666666666666666
搬,0.6666666666666666
範,0.6666666666666666
繁,0.6666666666666666
盤,0.6666666666666666
彼,0.6666666666666666
疲,0.6666666666666666
被,0.6666666666666666
避,0.6666666666666666
尾,0.6666666666666666
微,0.6666666666666666
匹,0.6666666666666666
描,0.6666666666666666
浜,0.6666666666666666
敏,0.6666666666666666
怖,0.6666666666666666
浮,0.6666666666666666
普,0.6666666666666666
腐,0.6666666666666666
敷,0.6666666666666666
膚,0.6666666666666666
賦,0.6666666666666666
舞,0.6666666666666666
幅,0.6666666666666666
払,0.6666666666666666
噴,0.6666666666666666
柄,0.6666666666666666
壁,0.6666666666666666
捕,0.6666666666666666
舗,0.6666666666666666
抱,0.6666666666666666
峰,0.6666666666666666
砲,0.6666666666666666
忙,0.6666666666666666
坊,0.6666666666666666
肪,0.6666666666666666
冒,0.6666666666666666
傍,0.6666666666666666
帽,0.6666666666666666
凡,0.6666666666666666
盆,0.6666666666666666
慢,0.6666666666666666
漫,0.6666666666666666
妙,0.6666666666666666
眠,0.6666666666666666
矛,0.6666666666666666
霧,0.6666666666666666
娘,0.6666666666666666
茂,0.6666666666666666
猛,0.6666666666666666
網,0.6666666666666666
黙,0.6666666666666666
紋,0.6666666666666666
躍,0.6666666666666666
雄,0.6666666666666666
与,0.6666666666666666
誉,0.6666666666666666
溶,0.6666666666666666
腰,0.6666666666666666
踊,0.6666666666666666
謡,0.6666666666666666
翼,0.6666666666666666
雷,0.6666666666666666
頼,0.6666666666666666
絡,0.6666666666666666
欄,0.6666666666666666
離,0.6666666666666666
粒,0.6666666666666666
慮,0.6666666666666666
療,0.6666666666666666
隣,0.6666666666666666
涙,0.6666666666666666
隷,0.6666666666666666
齢,0.6666666666666666
麗,0.6666666666666666
暦,0.6666666666666666
劣,0.6666666666666666
烈,0.6666666666666666
恋,0.6666666666666666
露,0.6666666666666666
郎,0.6666666666666666
惑,0.6666666666666666
腕,0.6666666666666666
哀,0.7777777777777778
慰,0.7777777777777778
詠,0.7777777777777778
悦,0.7777777777777778
閲,0.7777777777777778
炎,0.7777777777777778
宴,0.7777777777777778
欧,0.7777777777777778
殴,0.7777777777777778
乙,0.7777777777777778
卸,0.7777777777777778
穏,0.7777777777777778
佳,0.7777777777777778
架,0.7777777777777778
華,0.7777777777777778
嫁,0.7777777777777778
餓,0.7777777777777778
怪,0.7777777777777778
悔,0.7777777777777778
塊,0.7777777777777778
慨,0.7777777777777778
該,0.7777777777777778
概,0.7777777777777778
郭,0.7777777777777778
隔,0.7777777777777778
穫,0.7777777777777778
岳,0.7777777777777778
掛,0.7777777777777778
滑,0.7777777777777778
肝,0.7777777777777778
冠,0.7777777777777778
勘,0.7777777777777778
貫,0.7777777777777778
喚,0.7777777777777778
換,0.7777777777777778
敢,0.7777777777777778
緩,0.7777777777777778
企,0.7777777777777778
岐,0.7777777777777778
忌,0.7777777777777778
軌,0.7777777777777778
既,0.7777777777777778
棋,0.7777777777777778
棄,0.7777777777777778
騎,0.7777777777777778
欺,0.7777777777777778
犠,0.7777777777777778
菊,0.7777777777777778
吉,0.7777777777777778
喫,0.7777777777777778
虐,0.7777777777777778
虚,0.7777777777777778
峡,0.7777777777777778
脅,0.7777777777777778
凝,0.7777777777777778
斤,0.7777777777777778
緊,0.7777777777777778
愚,0.7777777777777778
偶,0.7777777777777778
遇,0.7777777777777778
刑,0.7777777777777778
契,0.7777777777777778
啓,0.7777777777777778
掲,0.7777777777777778
携,0.7777777777777778
憩,0.7777777777777778
鶏,0.7777777777777778
鯨,0.7777777777777778
倹,0.7777777777777778
賢,0.7777777777777778
幻,0.7777777777777778
孤,0.7777777777777778
弧,0.7777777777777778
雇,0.7777777777777778
顧,0.7777777777777778
娯,0.7777777777777778
悟,0.7777777777777778
孔,0.7777777777777778
巧,0.7777777777777778
甲,0.7777777777777778
坑,0.7777777777777778
拘,0.7777777777777778
郊,0.7777777777777778
控,0.7777777777777778
慌,0.7777777777777778
硬,0.7777777777777778
絞,0.7777777777777778
綱,0.7777777777777778
酵,0.7777777777777778
克,0.7777777777777778
獄,0.7777777777777778
恨,0.7777777777777778
紺,0.7777777777777778
魂,0.7777777777777778
墾,0.7777777777777778
債,0.7777777777777778
催,0.7777777777777778
削,0.7777777777777778
搾,0.7777777777777778
錯,0.7777777777777778
撮,0.7777777777777778
擦,0.7777777777777778
暫,0.7777777777777778
祉,0.7777777777777778
施,0.7777777777777778
諮,0.7777777777777778
侍,0.7777777777777778
慈,0.7777777777777778
軸,0.7777777777777778
疾,0.7777777777777778
湿,0.7777777777777778
赦,0.7777777777777778
邪,0.7777777777777778
殊,0.7777777777777778
寿,0.7777777777777778
潤,0.7777777777777778
遵,0.7777777777777778
如,0.7777777777777778
徐,0.7777777777777778
匠,0.7777777777777778
昇,0.7777777777777778
掌,0.7777777777777778
晶,0.7777777777777778
焦,0.7777777777777778
衝,0.7777777777777778
鐘,0.7777777777777778
冗,0.7777777777777778
嬢,0.7777777777777778
錠,0.7777777777777778
譲,0.7777777777777778
嘱,0.7777777777777778
辱,0.7777777777777778
伸,0.7777777777777778
辛,0.7777777777777778
審,0.7777777777777778
炊,0.7777777777777778
粋,0.7777777777777778
衰,0.7777777777777778
酔,0.7777777777777778
遂,0.7777777777777778
穂,0.7777777777777778
随,0.7777777777777778
髄,0.7777777777777778
瀬,0.7777777777777778
牲,0.7777777777777778
婿,0.7777777777777778
請,0.7777777777777778
斥,0.7777777777777778
隻,0.7777777777777778
惜,0.7777777777777778
籍,0.7777777777777778
摂,0.7777777777777778
潜,0.7777777777777778
繕,0.7777777777777778
阻,0.7777777777777778
措,0.7777777777777778
粗,0.7777777777777778
礎,0.7777777777777778
双,0.7777777777777778
桑,0.7777777777777778
掃,0.7777777777777778
葬,0.7777777777777778
遭,0.7777777777777778
憎,0.7777777777777778
促,0.7777777777777778
賊,0.7777777777777778
怠,0.7777777777777778
胎,0.7777777777777778
袋,0.7777777777777778
逮,0.7777777777777778
滞,0.7777777777777778
滝,0.7777777777777778
択,0.7777777777777778
卓,0.7777777777777778
託,0.7777777777777778
諾,0.7777777777777778
奪,0.7777777777777778
胆,0.7777777777777778
鍛,0.7777777777777778
壇,0.7777777777777778
稚,0.7777777777777778
畜,0.7777777777777778
窒,0.7777777777777778
抽,0.7777777777777778
鋳,0.7777777777777778
駐,0.7777777777777778
彫,0.7777777777777778
超,0.7777777777777778
聴,0.7777777777777778
陳,0.7777777777777778
鎮,0.7777777777777778
墜,0.7777777777777778
帝,0.7777777777777778
訂,0.7777777777777778
締,0.7777777777777778
哲,0.7777777777777778
斗,0.7777777777777778
塗,0.7777777777777778
凍,0.7777777777777778
陶,0.7777777777777778
痘,0.7777777777777778
匿,0.7777777777777778
篤,0.7777777777777778
豚,0.7777777777777778
尿,0.7777777777777778
粘,0.7777777777777778
婆,0.7777777777777778
排,0.7777777777777778
陪,0.7777777777777778
縛,0.7777777777777778
伐,0.7777777777777778
帆,0.7777777777777778
伴,0.7777777777777778
畔,0.7777777777777778
藩,0.7777777777777778
蛮,0.7777777777777778
卑,0.7777777777777778
碑,0.7777777777777778
泌,0.7777777777777778
姫,0.7777777777777778
漂,0.7777777777777778
苗,0.7777777777777778
赴,0.7777777777777778
符,0.7777777777777778
封,0.7777777777777778
伏,0.7777777777777778
覆,0.7777777777777778
紛,0.7777777777777778
墳,0.7777777777777778
癖,0.7777777777777778
募,0.7777777777777778
慕,0.7777777777777778
簿,0.7777777777777778
芳,0.7777777777777778
邦,0.7777777777777778
奉,0.7777777777777778
胞,0.7777777777777778
倣,0.7777777777777778
崩,0.7777777777777778
飽,0.7777777777777778
縫,0.7777777777777778
乏,0.7777777777777778
妨,0.7777777777777778
房,0.7777777777777778
某,0.7777777777777778
膨,0.7777777777777778
謀,0.7777777777777778
墨,0.7777777777777778
没,0.7777777777777778
翻,0.7777777777777778
魔,0.7777777777777778
埋,0.7777777777777778
膜,0.7777777777777778
又,0.7777777777777778
魅,0.7777777777777778
滅,0.7777777777777778
免,0.7777777777777778
幽,0.7777777777777778
誘,0.7777777777777778
憂,0.7777777777777778
揚,0.7777777777777778
揺,0.7777777777777778
擁,0.7777777777777778
抑,0.7777777777777778
裸,0.7777777777777778
濫,0.7777777777777778
吏,0.7777777777777778
隆,0.7777777777777778
了,0.7777777777777778
猟,0.7777777777777778
陵,0.7777777777777778
糧,0.7777777777777778
厘,0.7777777777777778
励,0.7777777777777778
零,0.7777777777777778
霊,0.7777777777777778
裂,0.7777777777777778
廉,0.7777777777777778
錬,0.7777777777777778
炉,0.7777777777777778
浪,0.7777777777777778
廊,0.7777777777777778
楼,0.7777777777777778
漏,0.7777777777777778
湾,0.7777777777777778
亜,0.8888888888888888
尉,0.8888888888888888
逸,0.8888888888888888
姻,0.8888888888888888
韻,0.8888888888888888
畝,0.8888888888888888
浦,0.8888888888888888
疫,0.8888888888888888
謁,0.8888888888888888
猿,0.8888888888888888
凹,0.8888888888888888
翁,0.8888888888888888
虞,0.8888888888888888
渦,0.8888888888888888
禍,0.8888888888888888
靴,0.8888888888888888
寡,0.8888888888888888
稼,0.8888888888888888
蚊,0.8888888888888888
拐,0.8888888888888888
懐,0.8888888888888888
劾,0.8888888888888888
涯,0.8888888888888888
垣,0.8888888888888888
核,0.8888888888888888
殻,0.8888888888888888
嚇,0.8888888888888888
潟,0.8888888888888888
括,0.8888888888888888
喝,0.8888888888888888
渇,0.8888888888888888
褐,0.8888888888888888
轄,0.8888888888888888
且,0.8888888888888888
缶,0.8888888888888888
陥,0.8888888888888888
患,0.8888888888888888
堪,0.8888888888888888
棺,0.8888888888888888
款,0.8888888888888888
閑,0.8888888888888888
寛,0.8888888888888888
憾,0.8888888888888888
還,0.8888888888888888
艦,0.8888888888888888
頑,0.8888888888888888
飢,0.8888888888888888
宜,0.8888888888888888
偽,0.8888888888888888
擬,0.8888888888888888
糾,0.8888888888888888
窮,0.8888888888888888
拒,0.8888888888888888
享,0.8888888888888888
挟,0.8888888888888888
恭,0.8888888888888888
矯,0.8888888888888888
暁,0.8888888888888888
菌,0.8888888888888888
琴,0.8888888888888888
謹,0.8888888888888888
襟,0.8888888888888888
吟,0.8888888888888888
隅,0.8888888888888888
勲,0.8888888888888888
薫,0.8888888888888888
茎,0.8888888888888888
渓,0.8888888888888888
蛍,0.8888888888888888
慶,0.8888888888888888
傑,0.8888888888888888
嫌,0.8888888888888888
献,0.8888888888888888
謙,0.8888888888888888
繭,0.8888888888888888
顕,0.8888888888888888
懸,0.8888888888888888
弦,0.8888888888888888
呉,0.8888888888888888
碁,0.8888888888888888
江,0.8888888888888888
肯,0.8888888888888888
侯,0.8888888888888888
洪,0.8888888888888888
貢,0.8888888888888888
溝,0.8888888888888888
衡,0.8888888888888888
購,0.8888888888888888
拷,0.8888888888888888
剛,0.8888888888888888
酷,0.8888888888888888
昆,0.8888888888888888
懇,0.8888888888888888
佐,0.8888888888888888
唆,0.8888888888888888
詐,0.8888888888888888
砕,0.8888888888888888
宰,0.8888888888888888
栽,0.8888888888888888
斎,0.8888888888888888
崎,0.8888888888888888
索,0.8888888888888888
酢,0.8888888888888888
桟,0.8888888888888888
傘,0.8888888888888888
肢,0.8888888888888888
嗣,0.8888888888888888
賜,0.8888888888888888
滋,0.8888888888888888
璽,0.8888888888888888
漆,0.8888888888888888
遮,0.8888888888888888
蛇,0.8888888888888888
酌,0.8888888888888888
爵,0.8888888888888888
珠,0.8888888888888888
儒,0.8888888888888888
囚,0.8888888888888888
臭,0.8888888888888888
愁,0.8888888888888888
酬,0.8888888888888888
醜,0.8888888888888888
汁,0.8888888888888888
充,0.8888888888888888
渋,0.8888888888888888
銃,0.8888888888888888
叔,0.8888888888888888
淑,0.8888888888888888
粛,0.8888888888888888
塾,0.8888888888888888
俊,0.8888888888888888
准,0.8888888888888888
殉,0.8888888888888888
循,0.8888888888888888
庶,0.8888888888888888
緒,0.8888888888888888
叙,0.8888888888888888
升,0.8888888888888888
抄,0.8888888888888888
肖,0.8888888888888888
尚,0.8888888888888888
宵,0.8888888888888888
症,0.8888888888888888
祥,0.8888888888888888
渉,0.8888888888888888
訟,0.8888888888888888
硝,0.8888888888888888
粧,0.8888888888888888
詔,0.8888888888888888
奨,0.8888888888888888
彰,0.8888888888888888
償,0.8888888888888888
礁,0.8888888888888888
浄,0.8888888888888888
剰,0.8888888888888888
縄,0.8888888888888888
壌,0.8888888888888888
醸,0.8888888888888888
津,0.8888888888888888
唇,0.8888888888888888
娠,0.8888888888888888
紳,0.8888888888888888
診,0.8888888888888888
刃,0.8888888888888888
迅,0.8888888888888888
甚,0.8888888888888888
帥,0.8888888888888888
睡,0.8888888888888888
枢,0.8888888888888888
崇,0.8888888888888888
据,0.8888888888888888
杉,0.8888888888888888
斉,0.8888888888888888
逝,0.8888888888888888
誓,0.8888888888888888
析,0.8888888888888888
拙,0.8888888888888888
窃,0.8888888888888888
仙,0.8888888888888888
栓,0.8888888888888888
旋,0.8888888888888888
践,0.8888888888888888
遷,0.8888888888888888
薦,0.8888888888888888
繊,0.8888888888888888
禅,0.8888888888888888
漸,0.8888888888888888
租,0.8888888888888888
疎,0.8888888888888888
塑,0.8888888888888888
壮,0.8888888888888888
荘,0.8888888888888888
捜,0.8888888888888888
挿,0.8888888888888888
曹,0.8888888888888888
喪,0.8888888888888888
槽,0.8888888888888888
霜,0.8888888888888888
藻,0.8888888888888888
妥,0.8888888888888888
堕,0.8888888888888888
惰,0.8888888888888888
駄,0.8888888888888888
泰,0.8888888888888888
濯,0.8888888888888888
但,0.8888888888888888
棚,0.8888888888888888
痴,0.8888888888888888
逐,0.8888888888888888
秩,0.8888888888888888
嫡,0.8888888888888888
衷,0.8888888888888888
弔,0.8888888888888888
挑,0.8888888888888888
眺,0.8888888888888888
釣,0.8888888888888888
懲,0.8888888888888888
勅,0.8888888888888888
朕,0.8888888888888888
塚,0.8888888888888888
漬,0.8888888888888888
坪,0.8888888888888888
呈,0.8888888888888888
廷,0.8888888888888888
邸,0.8888888888888888
亭,0.8888888888888888
貞,0.8888888888888888
逓,0.8888888888888888
偵,0.8888888888888888
艇,0.8888888888888888
泥,0.8888888888888888
迭,0.8888888888888888
徹,0.8888888888888888
撤,0.8888888888888888
悼,0.8888888888888888
搭,0.8888888888888888
棟,0.8888888888888888
筒,0.8888888888888888
謄,0.8888888888888888
騰,0.8888888888888888
洞,0.8888888888888888
督,0.8888888888888888
凸,0.8888888888888888
屯,0.8888888888888888
軟,0.8888888888888888
尼,0.8888888888888888
妊,0.8888888888888888
忍,0.8888888888888888
寧,0.8888888888888888
把,0.8888888888888888
覇,0.8888888888888888
廃,0.8888888888888888
培,0.8888888888888888
媒,0.8888888888888888
賠,0.8888888888888888
伯,0.8888888888888888
舶,0.8888888888888888
漠,0.8888888888888888
肌,0.8888888888888888
鉢,0.8888888888888888
閥,0.8888888888888888
煩,0.8888888888888888
頒,0.8888888888888888
妃,0.8888888888888888
披,0.8888888888888888
扉,0.8888888888888888
罷,0.8888888888888888
猫,0.8888888888888888
賓,0.8888888888888888
頻,0.8888888888888888
瓶,0.8888888888888888
扶,0.8888888888888888
附,0.8888888888888888
譜,0.8888888888888888
侮,0.8888888888888888
沸,0.8888888888888888
雰,0.8888888888888888
憤,0.8888888888888888
丙,0.8888888888888888
併,0.8888888888888888
塀,0.8888888888888888
幣,0.8888888888888888
弊,0.8888888888888888
偏,0.8888888888888888
遍,0.8888888888888888
泡,0.8888888888888888
俸,0.8888888888888888
褒,0.8888888888888888
剖,0.8888888888888888
紡,0.8888888888888888
朴,0.8888888888888888
僕,0.8888888888888888
撲,0.8888888888888888
堀,0.8888888888888888
奔,0.8888888888888888
麻,0.8888888888888888
摩,0.8888888888888888
磨,0.8888888888888888
抹,0.8888888888888888
岬,0.8888888888888888
銘,0.8888888888888888
妄,0.8888888888888888
盲,0.8888888888888888
耗,0.8888888888888888
厄,0.8888888888888888
愉,0.8888888888888888
諭,0.8888888888888888
癒,0.8888888888888888
唯,0.8888888888888888
悠,0.8888888888888888
猶,0.8888888888888888
裕,0.8888888888888888
融,0.8888888888888888
庸,0.8888888888888888
窯,0.8888888888888888
羅,0.8888888888888888
酪,0.8888888888888888
痢,0.8888888888888888
履,0.8888888888888888
柳,0.8888888888888888
竜,0.8888888888888888
硫,0.8888888888888888
虜,0.8888888888888888
涼,0.8888888888888888
僚,0.8888888888888888
寮,0.8888888888888888
倫,0.8888888888888888
累,0.8888888888888888
塁,0.8888888888888888
戻,0.8888888888888888
鈴,0.8888888888888888
賄,0.8888888888888888
枠,0.8888888888888888
挨,1.0
曖,1.0
宛,1.0
嵐,1.0
畏,1.0
萎,1.0
椅,1.0
彙,1.0
茨,1.0
咽,1.0
淫,1.0
唄,1.0
鬱,1.0
怨,1.0
媛,1.0
艶,1.0
旺,1.0
岡,1.0
臆,1.0
俺,1.0
苛,1.0
牙,1.0
瓦,1.0
楷,1.0
潰,1.0
諧,1.0
崖,1.0
蓋,1.0
骸,1.0
柿,1.0
顎,1.0
葛,1.0
釜,1.0
鎌,1.0
韓,1.0
玩,1.0
伎,1.0
亀,1.0
毀,1.0
畿,1.0
臼,1.0
嗅,1.0
巾,1.0
僅,1.0
錦,1.0
惧,1.0
串,1.0
窟,1.0
熊,1.0
詣,1.0
憬,1.0
稽,1.0
隙,1.0
桁,1.0
拳,1.0
鍵,1.0
舷,1.0
股,1.0
虎,1.0
錮,1.0
勾,1.0
梗,1.0
喉,1.0
乞,1.0
傲,1.0
駒,1.0
頃,1.0
痕,1.0
沙,1.0
挫,1.0
采,1.0
塞,1.0
埼,1.0
柵,1.0
刹,1.0
拶,1.0
斬,1.0
恣,1.0
摯,1.0
餌,1.0
鹿,1.0
叱,1.0
嫉,1.0
腫,1.0
呪,1.0
袖,1.0
羞,1.0
蹴,1.0
憧,1.0
拭,1.0
尻,1.0
芯,1.0
腎,1.0
須,1.0
裾,1.0
凄,1.0
醒,1.0
脊,1.0
戚,1.0
煎,1.0
羨,1.0
腺,1.0
詮,1.0
箋,1.0
膳,1.0
狙,1.0
遡,1.0
曽,1.0
爽,1.0
痩,1.0
踪,1.0
捉,1.0
遜,1.0
汰,1.0
唾,1.0
堆,1.0
戴,1.0
誰,1.0
旦,1.0
綻,1.0
緻,1.0
酎,1.0
貼,1.0
嘲,1.0
捗,1.0
椎,1.0
爪,1.0
鶴,1.0
諦,1.0
溺,1.0
填,1.0
妬,1.0
賭,1.0
藤,1.0
瞳,1.0
栃,1.0
頓,1.0
貪,1.0
丼,1.0
那,1.0
奈,1.0
梨,1.0
謎,1.0
鍋,1.0
匂,1.0
虹,1.0
捻,1.0
罵,1.0
剥,1.0
箸,1.0
氾,1.0
汎,1.0
阪,1.0
斑,1.0
眉,1.0
膝,1.0
肘,1.0
阜,1.0
訃,1.0
蔽,1.0
餅,1.0
璧,1.0
蔑,1.0
哺,1.0
蜂,1.0
貌,1.0
頬,1.0
睦,1.0
勃,1.0
昧,1.0
枕,1.0
蜜,1.0
冥,1.0
麺,1.0
冶,1.0
弥,1.0
闇,1.0
喩,1.0
湧,1.0
妖,1.0
瘍,1.0
沃,1.0
拉,1.0
辣,1.0
藍,1.0
璃,1.0
慄,1.0
侶,1.0
瞭,1.0
瑠,1.0
呂,1.0
賂,1.0
弄,1.0
籠,1.0
麓,1.0
脇,1.0
